Mfg/Vendor Name,Mfg/Vendor Part Number,Detailed Item Description
3M,051141-27400,FIBER DISC 4-1/2X7/8 982C 36GR CER A/O whom being is the in
3M,051141-27402,"7X7/8"" 36GRIT CUBITRON II, 982C DISC,"
3M,051141-27402,FIBER DISC 7X7/8 982C 36GR CER A/O
3M,051141-55567,"STIKIT P320 6"" 100/PK, 051141-55567,"
3M,051141-7400,"4-1/2X7/8 36XX CUBITRON II, ,"
3M,051144-014392,"STIKIT P180 6"" 175/PK, 051144-014392,"
3M,051144-01443,"STIKIT P80 6"" 125/PK, 051144-01443,"
3M,051144-45190,DISC PAD HUB 45190 4-1/2 5/8-11 INTNL
3M,051144-80514,3M DISC PAD FACE PLATE
3M,51144-96434,"51144-96434 3M STIKIT, 216U 320XX, 6 ROLL MIN"
Eberle,M42,"11'6"" x 1 x .035 x 5/8TPI, EBERLE DUOFLEX M42,"
Merit,8834166219,"DC FBR 3"" TYP 3 36 GRIT F986 CER ALOX"
Merit,8834196072,BND SPRL 1X1 36ARB ALOX
Monster Tool,SA-5,"SA-5 DOUBLE CUT BURR, ,"
Monster Tool,SL-4,"SL-4 DOUBLE CUT BURR, ,"
Norton,8834131259,"1X1X1/4 40XX FLAP, 10/BX, 08834131259"
Norton,8834163447,"N13695, , 08834163447"
Norton,8834166041,"N12649, , 08834166041"
Norton,8834166041,"2""TR DISC 36GRIT, , 08834166041"
Norton,8834166041,"2""TR DISC 36GRIT, 100/BX, 08834166041"
Norton,8834166044,"2"" 60 GRIT TR DISC, N12650,"
Norton,8834166045,"2"" 80XX TYPE 3 DISC, , 08834166045"
Norton,8834166219,"3""MERIT TR 36XX DISC, , 08834166219"
Norton,8834166219,"3""MERIT TR 36XX DISC, 50/BX, 08834166219"
Norton,8834166221,"3"" 60 GRIT TR DISC, N12653,"
Norton,66243510647,"3 X 1/16 X 3/8 A36-TBFW, CUTOFF WHEEL GOLD, 66243510647"
Norton,66243510647,3x1/16x3/8 A/O FC
Norton,66252836497,", 4-1/2X.045X7/8 TY.27, 66252836497"
Norton,66252843214,"4-1/2X1/4X7/8 TY.27, , 66252843214"
Norton,66261009190,"2""MED TR SC DISC, , 66261009190"
Norton,66261009194,"3""COARSE TR SC DISC, 25/BX, 66261009194"
Norton,66261017522,SCF-NP DISC TR SPEED-LOK 3 BL
Norton,66261017522,"3""MED TR SC DISC, 25/BX  MAROON, 66261017522"
Norton,66261017522,"3""MED TR SC DISC, , 66261017522"
Norton,66261138675,"3""24GRIT BLUE FIRE, 66261138675"
Norton,69957398027,3/4 X 18 R980 40-Y SG-BLAZE
-,-,CONDUIT 1-1/4 EMT Galvanized
A-B Power Products,100-C16D10,A-B 100-C16D10 3P 110-120 CNT
A-B Power Products,100-C30D10,A-B 100-C30D10 3P 110-120 CNT
Advance Blsts,71A6552001,ADV 71A6552001 MH BAL 1000W M475-TAP KIT
Advance Blsts,MD2409100,ADV MD2409100 CAPACITOR OIL 24MFD480V 1.75 X 3.90
Carol,09410.99.01,"Portable Cord,14/10AWG,Cut to Length,Blk"
Cutler Hammer,DH361FGK,CHD DH361FGK 30A/3P HD FUSIBLESAFETY SWITCH 600V NEMA 1
Cutler Hammer,DH363FGK,CHD DH363FGK 100A/3P HD FUSIBLESAFETY SWITCH 600V NEMA 1
Dayton,6Z426,"Speed Reducer,Indirect Drive,,30:1"
Dixon,PR325,"Data Logger,Pressure Range 0 to 300 PSI"
Eaton,10250T2,"Contact Block,2NO,30mm"
Fluke,FLUKE-116-NIST,"Digital HVAC Multimeter,600V,40 MOhms"
GE Panel,TEY315,GE TEY315 3 POLE 480 VOLT BREAKER
GE Panel,TEY320,GE TEY320 3P-480V-20A CB
Hubbell Wiring,CS8164C,HUBW CS-8164-C 3PL 4WR LKG-CO
Hubbell Wiring,CS8165C,HUBW CS-8165-C 3PL 4WR LKG
Littelfuse,LA30QS100-4,L-FSE LA30QS100-4 LA30QS1004 VERYFAST-ACTING SEMICONDUCTOR FUSE
Littelfuse,LLSRK030ID,L-FSE LLSRK030ID LSRK030.TXID ULCLASS RK1 DUAL ELEMENT TIME DELAYINDICATOR FUSE
Littelfuse,LLSRK070ID,L-FSE LLSRK070ID LSRK070.VXID ULCLASS RK1 DUAL ELEMENT TIME DELAYINDICATOR FUSE
Littelfuse,LLSRK100ID,L-FSE LLSRK100ID LSRK100.VXID ULCLASS RK1 DUAL ELEMENT TIME DELAYINDICATOR FUSE
Marathon Motors,056C17F5352,"Brake Motor,TEFC,1/3 HP,56C,115/208-230"
Philips Lighting,281188,281188 PHIL MP1000/BU MTL HAL LAMP
Siemens,BOS14353,SIEMENS BOS14353 100A FUSIBLE SW P
Siemens,BOS14353,"Bus Plug,100A,3 Pole,600Vac"
Sola,SDN524100C,SOLA SDN5-24-100C 24V 5A 120VDIN RAIL MT POWER SUPPLY
Square D,2601AG2,"Switch,Drum Reversing"
Square D,8502SBO1V02S,"Contactor,NEMA,120VAC,2P,18A"
Square D,8536SBO2V02S,"Magnetic Motor Starter,NEMA,120V,3P,18A"
Square D,8536SDO1V02S,"Magnetic Motor Starter,NEMA,120V,3P,45A"
Square D,8903LO60V02,SQD 8903LO60V02 LIGHTING CONTACTOR
Weigmann,N12363012,"Enclosure,36 In.Hx30 In.Wx12 In. D"
-,CR250,"CR2450 LITHIUM BATTERY, ,"
3M,051131-06656,"3M Automotive Refinish Masking Tape, 48mm x 55m, 6.3mil"
3M,051135-08300,"3M ULTRA PRO SEALANT, 051135-08300,"
Akro-Mils,19909,"Drawer Bin Cabinet,11 In. D,17 In. W"
Campbell,502277,"9-1/2"" GX Lift Clamp"
Chicaco Pneumatic,CP9106QB,GRNDR 90 DEG ANG DIE 24000 RPM
Chicaco Pneumatic,CP9122BR,"ANG GRNDR 4-1/2"""
Chicaco Pneumatic,T023995,"CP875 1/4"" MINI 90° ANG DIE GRNDR"
Clean Choice,CC700,CC700 PerfBox 100ct
Dayton,1MDB1,"Pressure Washer Pump,2200 PSI"
Dewalt,DCB100,"Battery Charger,12.0V,Li-Ion"
Dewalt,DCB101,"Battery Charger,12.0 to 20.0V,Li-Ion"
Dewalt,DCB120,"Battery Pack,12V,Li-Ion,1.5A/hr."
Dewalt,DCL510,"Cordless Worklight,Yellow,LED,130 L"
Empire,272-636,"272-636   30'X1"" CHROME, EMPIRE TAPE MEASURE,"
Empire,636,"TP MSRNG POWER TAPE 30'X1"" CHRM CASE"
Energizer,EN91,"AAA SIZE ALKALINE BATTERY, 4/PK  EN91,"
Fastenal,1016164,16.9oz Bottled Water (24/case)
GPX,968500,"WHITE MARKERS, DIAGRAPH MSP, 12 PER BOX"
Intertape,HF2031800-00,PLTWRP 18 X 1500'80G
Lift All,26422,"RAT U HOOK 2"" X 27'"
Mobil,121076,"Mobil Grease,Extreme Pressure,14.0 oz"
Momentive,RTV108 12C,"RTV Silicone Sealant,10.1 oz Cartridge"
Roy-O-Vac,KECR2032-1,"KECR2032-1, KEYLESS LITHIUM, BATTERY RAY"
Rustlick,71551,Rustlick 631: Moisture-disp
Rutland,23321385,SNDR HND HLD DISC AIR SPD 18000RPM
Signode Acme,1007325,"3/4""x1569' HT Strap"
Simple Green,6E+11,SIMPLE GREEN 15 GAL
Sprayway,CL018,DisinfSprayCntryFrsh
Strenflex,EEF2904-12,"SLING 4"" X 12' NYLN 2 PLY W/ FLT TPRD"
Techniks,21005-60,"RETENTION KNOBS 21005-60, ,"
Ultra Tool,38432,"N15840, ,"
Walter Surface Tech,11L003,"WALTER 1/4 X 3/8, FLUSH MANDREL 1-1/4 DIA,"
Warn,80010,"Electric Winch,4/5HP,115VAC"
Fastenal,62021,#52 3.75-2.75x9/16HC
Fastenal,68019,"1"" Extrn R Ring"
Fastenal,36410,"1/2""-13 FHN YZ 8"
Fastenal,1123409,1/2-13 X 1 1/2 SHCS
Fastenal,13821,1/2-13x2 TapBlt Z 5
Fastenal,430102,1/4AROMCPLR3/8NPTFEM
Fastenal,11618-04329,"3/4"" ZINC FINISH SAE"
Fastenal,11618-03473,"3/4""-10 X 2-1/4"" YEL"
Fastenal,11618-03482,"3/4""-10 X 5"" YELLOW"
Fastenal,11618-03273,"3/8""-16 X 1"" ZINC FI"
Fastenal,22225,"3/8""x6""PlnHex Lag"
Fastenal,430110,3/8AROMCPLR3/8NPTFEM
Fastenal,1126373,5/8 x 2 STRIP
Fastenal,1136418,"7/8""-9 FHN YZ 8"
Fastenal,26836,DOWEL PIN 5/8 X1 1/2
Fastenal,13573,HCS 1 1/4-7 x 5 Z5
Fastenal,15373,HCS 3/4-10 x 5 YZ8
Fastenal,33422,MB 1X18 GA. WIDE
Fastenal,37051,NYLOCK NE 1 1/4-7 Z
Fastenal,26351,STRIP 1/2 X 1 1/4
Fastenal,26373,STRIP 5/8 X 2
Fastenal,47459,T-ROD B-7 3/4-10 X 6
Fastenal,33026,USS F/W 1 1/4 Z
Master Chemical,585XT,MCC-X5 D/TOTE MICROSOL-585XT COOLANT
Master Chemical,585XT,MCC D/TOTE MICROSOL-585XT 270 GAL RECYCLABLE TOTE
Master Chemical,E-206,MCC DR E-206 54 GAL DRUM
Master Chemical,2029,MCC DR CLEAN 2029 54 GAL DRUM
Master Chemical,Whamex,MCC DR WHAMEX 54 GAL DRUM
,,"Corrugated box, 12 x 10 x 8 RSC 200#"
Uline,S-3250,"5/8"" x .035"" x 4,200' Green Polyester Strapping 1 coil/carton"
3M,11674-00000-20,"11674-00000-20, 3-M VIRTUA MIRROR, SAFETY GLASSES"
Best,730-10,"GLV CHEM RES UNSPT NTRL XL GRN 13"" 15MIL"
Bullard,CC-20 TICN,"BULLARD RESPIRATOR HOOD, ,"
Crews,SD110,Apache Clear Safety Glasses
Crews,SD112,Apahce Grey Safety Glasses
Crews,SD310,Vizicor Clear Safety Glasses
Fibre-Metal,FM68,SWTBND ABSNT CTTN FOR WLDG HLMT & FCSHD
Hornell Speedglas,06-0100-10,HLMT 9100 W/ADRKNGG FLTR 9100V SHD 5
Hornell Speedglas,06-0100-20SW,HLMT WLDG 9100 W/ADRKNGG FLTR 9100X
Hornell Speedglas,06-0200-30,PLA INSD PRTN 9100XX WLDG SFTY 5/CA
Hornell Speedglas,06-0200-53,PLA OTSD PRTN 9100 HI TEMP 10/CA
Jackson Safety,3002848,"FCSHD ACE 9""X15.5""X.040"" CLR BOUND"
John Tillman,34L,GLV MIG/TIG HW CWHD PRL S-THMB 4 CFF LG
John Tillman,34M,GLV MIG/TIG HW CWHD PRL S-THMB 4 CFF MD
John Tillman,550,GLV PAD 7-1/2X5-3/4 19OZ ACK
John Tillman,554,GLV PAD 7-1/2X5-1/2 HIGH HEAT 19OZ ACK
Liftall,TC2804TX12,"NYLON WEB SLING,2PL N15836, 4""WIDTH,12FT LENGTH,"
Liftall,TC2804TX8,"NYLON WEB SLING,2PLY N15835, 4""WIDTH,8FT LENGTH,"
Magid,BP169-10,SZ 10 BLACK PU PALM COAT GLOVE
Magid,BP169-8,SZ 8 BLACK PU PALM COAT GLOVE
Magid,BP169-9,SZ 9 BLACK PU PALM COAT GLOVE
Miller Electric,216326,CVR LENS
Miller Electric,216327,CVR LENS 4-3/16X2.5
Miller Electric,231411,CVR LENS 4.5X3.75 FRNT PRO-HOBBY
Miller Electric,251309,HLMT 9400 W/COOLBAND PAK
Miller Electric,256176,HLMT TTNM 9400 W/INFOTRACK
Moldex,6645,"Sparkplug Earplug Station, 500 ct."
PIP,33-B125,G-Tek Urethane Coated Gloves
PIP,33-B125,G-Tek Urethane Coated Gloves
PIP,33-B125,G-Tek Urethane Coated Gloves
PIP,33-B125,G-Tek Urethane Coated Gloves
PIP,68-163,"Top Grain Leather Driver Gloves, 2X"
PIP,68-165,"Top Grain Superior Leather Driver, l"
PIP,68-165,"Top Grain Superior Leather Driver, XL"
Radnor,64057526,GLV LTHR LG SLCT W/GNTLT CFF
Radnor,64005034,LENS SFTY CLR 4.5X5.25 PLYCRB
Radnor,64054950,"SLV 9OZ 18"" GRN FR CTTN ELAS AT BTH ENDS"
Radnor,64054961,"JCKT 9OZ MD 30"" GRN SNPS FR"
Radnor,64054962,"JCKT 9OZ LG 30"" GRN SNPS FR"
Radnor,64054963,"JCKT 9OZ XL 30"" GRN SNPS FR"
Radnor,64054964,"JCKT 9OZ 2X 30"" GRN SNPS FR"
Radnor,64054965,"JCKT 9OZ 3X 30"" GRN SNPS FR"
Radnor,64054972,CAPE SLV 9OZ LG GRN SNPS FR CTTN
Radnor,64054973,CAPE SLV 9OZ XL GRN SNPS FR CTTN
Radnor,64054974,CAPE SLV 9OZ 2X GRN SNPS FR CTTN
Radnor,64054975,CAPE SLV 9OZ 3X GRN SNPS FR CTTN
Radnor,64056368,GLV ECON LG 13GA NYLN SMLS BLK
Radnor,64056369,GLV ECON XL 13GA NYLN SMLS BLK PU
Safety Director,290030,Comfort Plus Earplugs w/o Cord
Safety Director,290040,Comfort Plus Earplugs w/cord
US Safety,483000,DOUBLE CROWN SHIELD LESS VISOR
Uvex,S8500,FCSHD HDGR PLYCRB MTE BLK/CLEAR BIONIC
Uvex,S8555,VSR REPL FCSHD PLYCRB CLR A/FG HRDCT
Weldas,20-3400V,SWTBND WLDG SWEATSOPAD X WD BLK 2/PK
West Chester,6010/L,"6010/L, LARGE WELDING GLOVES,"
West Chester,6010/M,"6010/M, MEDIUM WELDING, GLOVES"
West Chester,6010/XL,"6010/XL, XTRA LARGE WELDING, GLOVES"
West Chester,6141/2XL,"6141 TOP GRAIN KIDSKIN, 6141/2XL 6/PKG TIG, WESTCHESTER GLOVES"
West Chester,68-163XXL,"N13809, COWHIDE DRIVER,"
West Chester,7050/2XL,"7050/2X, 30"" FLAME RETARDANT, JACKET"
West Chester,7050/3X,"7050/3x, 30"" FLAME RETARDANT, JACKET"
West Chester,7050/L,"7050/L, 30"" FLAME RETARDANT, JACKET"
West Chester,7050/M,"7050/M, 30"" FLAME RETARDANT, JACKET"
West Chester,7050/XL,"7050/XL, FLAME RETARDANT, JACKET"
West Chester,7051/3X,"7051/3X, FLAME RETARDANT, CAPE SLEEVE"
West Chester,7051/L,"7051/L, FLAME RETARDANT, CAPE SLEEVE"
West Chester,7071/23,"7071/23, 23""FLAME RETARDANT, SLEEVES"
West Chester,9011/L,"9011/L, HEAVY DUTY WELDING, GLOVES"
Xpect,100039,Triple Antibiotic Small
Xpect,12221,Liquid Bandage
Xpect,130000,Thera Tears
Xpect,13046,Eyewash 1 oz. bottles
Xpect,150110,"Metal Tweezers, 3 pack"
Xpect,150620,Splinter Out
Xpect,33129,Quikheal Bandages
Xpect,43659,Comfort Strip Bandages
Xpect,43729,X-Long Bandages
Xpect,44269,Elastic Strip Bandages
Xpect,44429,Large Patch Bandages
Xpect,72230,"Roller Gauze 3"" x 5'"
Xpect,82420,"Medi-Rip 2"""
Xpect,91019,"Cold Pack, Small"
OSG Tool,2533601,"3/4-10 2B 3FL PLUG TAP, OSG 2533601, OXIDE COATED"
OSG Tool,M16X2 1105301208,"1105301208, D7 5FL TICN EXO"
OSG Tool,M20X2.5 1105301808,"1105301808 D7 5FL 1.5PDIN, EXO-DC-OIL TICN"
OSG Tool,M24 X 3 HYPRO HXL TAP,1312600501
Ingersoll Cutting Tool,3026897,SJ6F-02R01
Ingersoll Cutting Tool,3223678,QF0254076N6R01
Ingersoll Cutting Tool,3224078,QF0286086N6R01
Ingersoll Cutting Tool,3224086,QF0365110N6R01
Ingersoll Cutting Tool,3224093,QF0445134N6R01
Ingersoll Cutting Tool,3240404,YD2200110C8R01
Ingersoll Cutting Tool,3240406,YD2300115C8R01
Ingersoll Cutting Tool,5100131,YAB1350R01         IN2005
Ingersoll Cutting Tool,5100163,"NXXF65R02          IN2005, YAB1670R01         IN2005"
Ingersoll Cutting Tool,5100178,"NXXF43R02          IN2005, YAB1110R01         IN2005"
Ingersoll Cutting Tool,5100193,YAB2000R01         IN2005
Ingersoll Cutting Tool,5100194,"NXXF80R02          IN2005, YAB2050R01         IN2005"
Ingersoll Cutting Tool,5100263,"NXXF33R05          IN2005, YBB0850R01         IN2005"
Ingersoll Cutting Tool,5100278,"NXXF39R05          IN2005, YBB1000R01         IN2005"
Ingersoll Cutting Tool,5100283,YBB1050R01         IN2005
Ingersoll Cutting Tool,5100298,"NXXF47R04          IN2005, YBB1200R01         IN2005"
Ingersoll Cutting Tool,5100308,"NXXF51R04          IN2005, YBB1300R01         IN2005"
Ingersoll Cutting Tool,5100313,"NXXF53R04          IN2005, YBB1350R01         IN2005"
Ingersoll Cutting Tool,5100314,"NXXF53R05          IN2005, YBB1360R01         IN2005"
Ingersoll Cutting Tool,5100316,"NXXF54R03          IN2005, YBB1380R01         IN2005"
Ingersoll Cutting Tool,5100318,"NXXF55R04          IN2005, YBB1400R01         IN2005"
Ingersoll Cutting Tool,5100321,"NXXF56R03          IN2005, YBB1430R01         IN2005"
Ingersoll Cutting Tool,5100353,"NXXF68R06          IN2005, YBB1750R01         IN2005"
Ingersoll Cutting Tool,5100358,"NXXF70R06          IN2005, YBB1800R01         IN2005"
Ingersoll Cutting Tool,5100379,"NXXF78R04          IN2005, YBB2000R01         IN2005"
Ingersoll Cutting Tool,5100956,YBB2100R01         IN2005
Ingersoll Cutting Tool,5100961,YBB2150R01         IN2005
Ingersoll Cutting Tool,5100996,SHLT090408N-FS     IN1030
Ingersoll Cutting Tool,5101001,SHLT110408N-FS     IN1030
Ingersoll Cutting Tool,5101008,SHLT140508N-FS     IN1030
Ingersoll Cutting Tool,5110006,YBB0680R01         IN2005
Ingersoll Cutting Tool,5140122,TTBU25.4-32
Ingersoll Cutting Tool,5140154,TTBU25.4-32
Ingersoll Cutting Tool,5140187,TTBU25.4-32
Ingersoll Cutting Tool,5140193,SHLT090408N-PH1    IN2005
Ingersoll Cutting Tool,5140195,SPLT07T308N-PH     IN2005
Ingersoll Cutting Tool,5140198,TTBU25.4-32
Ingersoll Cutting Tool,5140222,SPLT140512N-PH     IN2005
Ingersoll Cutting Tool,5151058,SHLT110408N-PH1    IN1030
Ingersoll Cutting Tool,5518120,"CNMG120408MT       TT7310, CNMG432MT          TT7310"
Ingersoll Cutting Tool,5518121,TTBU25.4-32
Ingersoll Cutting Tool,5518122,"CNMG120408RT       TT7310, CNMG432RT          TT7310"
Ingersoll Cutting Tool,5518123,TTBU25.4-32
Ingersoll Cutting Tool,5518287,"CNMG160612RT       TT7310, CNMG543RT          TT7310"
Ingersoll Cutting Tool,5518425,"TNMG160408RT       TT7310, TNMG332RT          TT7310"
Ingersoll Cutting Tool,5518491,TTBU25.4-32
Ingersoll Cutting Tool,5518599,TTBU25.4-32
Ingersoll Cutting Tool,5518960,"TNMG220408RT       TT7310, TNMG432RT          TT7310"
Ingersoll Cutting Tool,5519603,"CCMT120408MT       TT8125, CCMT432MT          TT8125"
Ingersoll Cutting Tool,5519630,TTBU25.4-32
Ingersoll Cutting Tool,5523641,TTBU25.4-32
Ingersoll Cutting Tool,5523661,TTBU25.4-32
Ingersoll Cutting Tool,5523754,TTBU25.4-32
Ingersoll Cutting Tool,5613489,TTBU25.4-32
Ingersoll Cutting Tool,5800694,TTBU25.4-32
Ingersoll Cutting Tool,5802446,TTBU25.4-32
Ingersoll Cutting Tool,5803037,TTBU25.4-32
Ingersoll Cutting Tool,5803393,TTBU25.4-32
Ingersoll Cutting Tool,5804905,TTBU25.4-32
Ingersoll Cutting Tool,5804911,"APEB64R02          IN2005, AOMT180516R        IN2005"
Ingersoll Cutting Tool,5805167,TTBU25.4-32
Ingersoll Cutting Tool,5805304,TTBU25.4-32
Ingersoll Cutting Tool,5805671,TTBU25.4-32
Ingersoll Cutting Tool,5809778,47B-5037T8RB06     IN2005
Ingersoll Cutting Tool,5811249,TTBU25.4-32
Ingersoll Cutting Tool,5811550,TTBU25.4-32
Ingersoll Cutting Tool,5812606,TTBU25.4-32
Ingersoll Cutting Tool,5813387,TTBU25.4-32
Ingersoll Cutting Tool,5813435,TTBU25.4-32
Ingersoll Cutting Tool,5820703,TTBU25.4-32
Ingersoll Cutting Tool,5840326,TTBU25.4-32
Ingersoll Cutting Tool,5840783,TTBU25.4-32
Ingersoll Cutting Tool,5856052,TTBU25.4-32
Ingersoll Cutting Tool,5872243,TTBU25.4-32
Ingersoll Cutting Tool,5873066,TTBU25.4-32
Ingersoll Cutting Tool,5873262,TTBU25.4-32
Ingersoll Cutting Tool,5880725,TTBU25.4-32
Ingersoll Cutting Tool,6108567,TTBU25.4-32
Ingersoll Cutting Tool,6108618,TTBU25.4-32
Ingersoll Cutting Tool,6400200,TTBU25.4-32
Ingersoll Cutting Tool,7000076,TTBU25.4-32
Ingersoll Cutting Tool,7000461,TTBU25.4-32
